#{"t_start": 1596175826.1036322, "env_id": null}
r,l,t
-20858.03048,536,233.181175
-1264.925043,63,265.556092
-688.745991,52,294.436837
-26343.657585,348,451.864694
46.733242,26,472.830585
-5137.51469,321,598.242496
-244.261865,32,618.947642
-3117.791022,170,701.734153
-120.833129,30,736.555847
300,1,757.265629
-372.072826,41,781.593785
69.005448,23,797.763416
30.722269,29,815.743337
-2113.623457,96,861.115548
-81.717225,29,882.356358
-31731.402545,693,1155.001936
-1344.099391,78,1197.475807
-390.747987,56,1228.68488
48.424454,21,1244.801786
-2083.64458,229,1347.929333
51.255258,23,1366.17792
156.691671,15,1382.594588
-20.676141,34,1416.614636
-1178.995169,48,1462.902326
-1174.172015,50,1498.716779
-1756.407697,344,1634.897382
300,1,1641.529256
-139.902834,23,1675.829679
-48.268165,55,1702.298084
134.933649,16,1731.505741
95.695792,19,1748.983475
-424.921344,66,1782.601285
-787.880568,159,1853.713397
10.89104,33,1876.142774
-248.382637,42,1903.888564
100.888406,19,1921.118223
-1082.531037,48,1953.803154
-459.591859,30,1979.857236
-787.571734,71,2018.021069
-881.8003,41,2046.726774
-146.269717,23,2079.073782
-867.054602,43,2107.402006
107.504352,15,2123.067193
-1031.04895,115,2178.50337
-464.976918,35,2204.061241
-349.083148,52,2246.81772
-86.473842,28,2270.79455
-624.478946,57,2305.497378
-253.379232,59,2350.517843
-304.872217,51,2394.165494
48.304815,27,2413.015383
-139.838422,28,2449.037726
-121.033445,23,2469.021074
-749.708424,42,2498.585654
-152.577071,29,2518.443091
-555.92847,53,2548.334085
144.574871,26,2565.521343
95.710154,17,2582.647832
-477.916949,40,2606.701935
-605.540026,54,2653.323006
-2718.292769,562,2863.85506
-380.811301,32,2888.141447
-555.144245,36,2911.424038
83.428458,19,2941.590145
-486.272947,37,2968.083303
-206.743299,29,2989.311598
-528.20889,38,3013.929693
-90.012817,45,3037.683938
-157.196249,28,3059.25988
300,1,3066.36265
300,1,3087.048523
-127.593578,27,3109.181065
-258.953888,29,3130.670824
11.028329,24,3149.544183
48.52797,23,3167.635889
-11.653458,33,3190.813584
-599.643072,39,3233.654804
-451.010216,37,3260.889712
123.881123,20,3278.464817
251.331506,8,3289.329921
67.704094,16,3306.016251
-145.432226,35,3344.344755
-588.687795,39,3385.433547
300,1,3392.604441
235.232661,12,3405.694145
-173.414338,27,3429.067235
-161.835559,28,3451.9178
106.783727,19,3468.404902
-464.681743,52,3499.470443
60.658647,18,3514.912668
-139.111427,35,3540.161408
-370.749966,32,3577.469237
-883.116604,63,3624.970642
300,1,3628.82223
-1166.262337,62,3668.235704
300,1,3674.598122
221.950451,12,3686.32468
125.834859,29,3705.360873
90.388219,17,3721.314889
-327.447251,37,3746.679749
111.129098,20,3775.960233
57.290159,18,3793.071454
-289.952454,33,3816.334949
-556.03489,43,3842.331436
125.467026,17,3859.650514
-1377.350644,56,3895.339201
-592.422021,41,3922.990373
-20.647821,24,3941.496744
-414.692885,31,3959.245196
-510.984764,34,3996.525647
-428.323476,37,4022.992602
91.510737,16,4040.379324
-623.970919,42,4066.695319
-399.476958,34,4091.462782
-107.171513,21,4111.094206
-73.590433,25,4131.217439
-377.627234,33,4153.531747
-567.322815,41,4193.767226
229.137321,9,4205.278817
134.746746,15,4222.527504
138.131002,14,4238.515783
-237.066317,30,4262.001648
244.696036,9,4287.408345
-830.004376,48,4319.391942
-527.193757,39,4344.461754
300,1,4351.874325
-570.757811,39,4393.81513
-134.769899,24,4426.742168
-393.767798,35,4466.318339
-542.438599,34,4492.561471
-330.317808,39,4518.045407
-176.313381,28,4538.881089
-217.372189,32,4560.957946
261.895553,7,4572.600472
242.853084,11,4585.608687
89.755823,19,4602.217045
-1082.799321,50,4633.120476
-1047.193929,47,4665.997339
-552.810806,36,4693.395757
-148.592343,27,4715.307659
-43.513635,23,4736.623767
-192.10831,32,4757.868432
255.335305,7,4770.35607
52.049829,21,4787.424901
-910.449365,40,4818.667886
-125.081204,24,4839.624617
-791.266324,43,4868.087048
-363.073289,33,4906.497785
121.124805,18,4935.949281
115.003441,17,4951.214321
-158.877321,28,4971.686853
-266.620378,30,4995.14582
-271.191234,31,5017.486187
244.415048,9,5028.567308
240.171212,10,5040.351392
96.263338,21,5058.957758
-447.064948,30,5082.856715
218.005865,12,5095.147361
-154.39571,27,5130.167038
-1063.836388,50,5160.773867
-513.101178,40,5187.866299
109.589314,15,5216.816277
197.33805,17,5232.118304
94.257498,18,5247.042701
211.527613,12,5272.743526
72.784389,18,5290.008919
78.387926,18,5307.500862
-854.070614,37,5336.50174
32.244219,28,5358.330347
151.542949,12,5372.905513
-53.848687,22,5391.973169
-516.153559,35,5417.023372
-97.393174,27,5436.946704
-300.195937,29,5459.567628
142.709384,15,5475.248775
-106.940094,26,5495.40379
209.607945,13,5508.3519
-114.737413,27,5528.745347
85.793387,21,5543.841825
-382.96744,27,5565.721241
247.05567,9,5577.31682
-468.087297,35,5602.217051
73.408322,21,5620.158651
242.457071,11,5632.386993
208.48765,12,5645.13287
87.385326,23,5661.359962
105.873531,20,5677.324681
236.785778,8,5688.663105
-329.642109,30,5712.108027
-182.219345,25,5745.644872
-543.957907,34,5770.608891
-328.563201,26,5792.105073
-249.758843,26,5826.321803
-853.298537,43,5856.476426
-398.186638,27,5880.632084
266.788717,7,5892.14712
59.972931,20,5908.276423
-99.387443,24,5941.880382
-168.789161,31,5964.232538
150.362829,13,5979.726456
-493.632174,36,6005.382043
-528.837241,32,6028.304271
-256.521559,30,6049.109391
256.62162,8,6061.334627
233.664885,10,6072.965729
-187.076796,28,6094.354271
142.729574,15,6122.272968
213.984976,13,6134.3648
114.928532,17,6164.206989
-144.111962,24,6186.155933
-14.354345,18,6204.778166
74.428106,18,6221.582254
-314.739255,30,6245.502963
-119.463771,24,6267.100565
300,1,6273.755432
-174.508852,31,6294.448544
51.961882,16,6310.931396
100.361664,16,6327.405172
80.66909,19,6343.361258
135.778471,15,6358.946383
-751.21069,43,6389.396844
-256.82463,32,6413.03799
222.99012,10,6425.304239
36.627071,20,6442.717369
300,1,6449.500966
-347.162037,30,6486.611471
36.900999,21,6501.601507
-404.760242,33,6526.479769
-476.425354,32,6551.662835
225.523785,8,6576.344691
115.497191,19,6591.768029
131.813917,15,6621.031405
259.359985,7,6625.828773
-915.827893,43,6655.230983
-832.344725,41,6684.288253
266.236077,6,6694.187476
300,1,6715.376409
240.029276,9,6726.770484
-395.310826,30,6750.468212
-82.374338,24,6784.549339
142.574765,16,6798.922969
112.730713,19,6828.788543
243.054312,9,6840.44545
214.216303,11,6853.859643
6.503507,20,6869.722587
243.113917,9,6881.32711
1.089135,18,6899.476137
62.41522,20,6915.047024
237.987959,9,6926.790824
10.594578,25,6943.596874
-465.060252,29,6964.595565
-112.833647,36,6988.081157
-405.459007,33,7010.692613
234.369316,10,7021.33338
-289.760795,27,7046.195709
-409.674752,30,7068.392029
252.222445,7,7092.676663
246.829348,10,7102.89422
142.87118,14,7132.018266
67.885234,16,7148.48029
-968.686637,46,7177.848051
-793.09906,40,7205.048713
-97.990552,23,7237.67306
-554.209691,37,7262.922755
-507.11399,36,7286.166794
-265.845509,27,7310.34583
-356.953169,31,7347.353482
-104.529939,25,7381.356929
-122.695284,26,7399.874267
71.18922,18,7430.255693
-118.209018,25,7449.908089
277.273454,5,7473.622795
221.610931,10,7485.747826
260.770225,8,7496.053164
-426.002497,33,7520.048984
-97.554381,23,7540.858389
67.395107,18,7555.915035
220.438817,10,7567.757891
-919.792313,49,7598.515901
-95.13489,24,7617.610058
55.614877,16,7649.548592
224.777329,11,7661.083024
214.684545,15,7674.049163
-543.303953,31,7714.117604
-218.853555,25,7733.53044
-7.109107,27,7754.593498
-383.605962,34,7779.005857
-235.599353,30,7801.186201
-89.581363,25,7819.369692
222.017602,12,7844.154867
92.595402,18,7858.214243
-514.855806,42,7883.96511
-768.459781,41,7913.171218
25.903076,26,7946.397933
229.587376,10,7959.022737
219.724592,12,7970.168744
-856.285335,40,7997.205999
-636.996627,38,8023.417222
-139.218049,29,8056.562766
-82.159638,21,8077.33901
79.891744,16,8094.47012
228.102883,11,8119.644125
252.81663,8,8129.511351
-206.552172,32,8162.843108
-159.101465,25,8183.916394
-511.813877,37,8208.29043
-0.964577,22,8242.010945
242.124077,10,8252.161287
-748.70469,39,8282.118675
206.553403,13,8295.484566
19.747436,17,8311.578466
236.119323,11,8323.169877
-104.707657,25,8344.574218
-153.903355,26,8364.259706
122.963206,17,8379.979589
191.493406,17,8393.879979
-114.463853,25,8411.414461
-187.685167,30,8432.368309
-456.538481,33,8457.283207
-147.744236,27,8476.948314
-222.68371,32,8498.292212
11.392653,19,8516.562993
-44.280218,26,8533.064542
-771.379522,39,8561.398194
-631.772974,37,8587.633472
192.195514,11,8599.165636
-265.294857,25,8635.704252
240.397115,12,8646.066095
-113.359964,26,8668.113422
246.346552,7,8679.637273
-125.098094,24,8700.459749
81.719434,20,8718.872172
-257.481833,28,8744.939428
-180.986844,25,8764.933353
-477.574623,39,8790.857094
-66.528325,27,8824.326045
150.153155,13,8840.325715
180.158261,14,8853.217208
104.064127,16,8869.313859
60.427783,16,8886.254423
-571.106467,37,8911.403703
-995.841623,44,8939.088167
-470.228061,36,8978.18327
-51.10895,22,9010.811509
93.232654,20,9040.783733
-502.995331,36,9066.435421
-457.614805,31,9090.320226
-299.053686,30,9113.60687
300,1,9119.513681
-149.164621,29,9155.691002
-227.027862,30,9179.45805
3.037147,22,9197.5241
-122.026457,26,9217.114122
-701.209531,35,9260.672328
190.729682,14,9273.606913
255.581091,9,9298.25786
-66.396019,24,9318.640218
-511.575306,35,9343.970447
10.019758,29,9365.606801
-172.686754,27,9384.811634
-1021.990027,52,9416.189417
300,1,9423.336016
-551.200899,53,9468.812966
-973.722416,52,9502.0703
-644.686191,36,9522.394591
256.010853,7,9533.71464
-467.645827,34,9559.325534
35.7947,18,9576.192412
-228.22588,29,9610.996905
247.834412,7,9622.686013
-401.600855,34,9659.493116
-189.583842,28,9677.386316
-367.475598,29,9714.737165
-155.730962,27,9735.417336
-697.179923,37,9762.494848
88.579671,16,9778.859546
-597.636474,40,9818.345554
229.819311,8,9829.488739
-77.265663,29,9850.103954
-222.869861,39,9872.556441
99.009782,17,9887.833293
243.16077,11,9899.653418
-347.965984,48,9929.104775
200.169575,19,9945.436213
40.660749,27,9966.088603
50.541339,28,9985.808479
221.004376,10,9998.79479
126.270504,14,10014.478228
-20.998696,34,10036.63069
-347.90211,27,10061.225524
245.851493,10,10074.020935
-853.756344,41,10104.016418
95.800317,18,10121.602832
24.744884,32,10139.966734
-223.316843,34,10164.777437
45.675798,27,10179.437049
233.793955,12,10204.391795
109.850895,15,10218.711401
-536.447454,35,10242.834236
-195.35113,27,10262.823323
-238.057911,47,10290.677635
84.778625,17,10306.402824
-591.456785,33,10331.789972
300,1,10352.997002
-27.050382,42,10378.272283
-1060.692889,53,10412.882414
252.118328,8,10424.034603
-245.258321,28,10443.384035
-21.943389,30,10461.283002
-722.473117,37,10487.721986
145.889446,14,10499.966089
-316.111144,37,10539.710135
109.614758,15,10555.882743
215.121991,13,10568.176062
-354.0292,32,10592.542431
22.573342,47,10620.387035
2.432203,32,10641.855608
-846.718339,67,10680.228788
-311.898223,28,10716.149699
64.594025,38,10739.695845
19.487085,19,10769.537148
96.137434,14,10799.203396
-243.865705,40,10825.514303
-182.097332,23,10848.110853
-633.121411,64,10895.265815
263.945955,7,10918.963982
-1184.778229,60,10953.388759
104.703571,16,10969.949018
-245.488391,38,11007.279787
108.325047,18,11036.370366
105.659245,16,11052.102851
25.835104,24,11069.341383
-67.401974,50,11095.933056
47.944732,20,11113.520675
125.785457,15,11127.572928
-1202.256066,59,11159.893828
-1026.901945,143,11220.552495
-899.780008,107,11270.258322
20.133655,17,11286.05915
256.972936,8,11296.359345
231.693255,9,11305.227641
214.390013,10,11317.058128
25.405224,35,11338.304153
253.41211,7,11362.647863
215.659555,11,11375.491814
-90.831933,28,11395.591582
252.496192,7,11405.916092
-747.209291,38,11433.102196
-2205.964049,274,11546.673769
-351.928518,62,11579.024595
105.019115,17,11593.35584
-508.75666,43,11622.075884
-476.870233,32,11662.14209
-416.662755,33,11687.356818
267.545629,6,11698.132031
-126.999232,57,11721.203103
-423.16816,32,11744.803017
-465.054916,39,11771.648009
106.087704,17,11800.57151
124.993686,15,11815.345172
-163.776753,53,11842.09397
233.392126,10,11867.087173
-512.361361,33,11891.142935
-68.924034,47,11928.425068
-789.71096,83,11970.145147
-526.719739,38,12008.471998
-163.19137,28,12029.720534
-175.48995,28,12050.725211
254.157631,8,12061.678179
-494.679302,55,12090.431018
208.030699,12,12102.70726
-401.423515,52,12130.395438
243.867351,8,12139.992004
26.784473,17,12156.122718
-519.143877,38,12180.472028
-127.094381,60,12224.740547
264.043274,7,12235.05014
-526.247809,34,12260.545303
172.394771,28,12278.860888
86.520178,18,12294.387325
-6.803242,23,12310.058908
149.412449,14,12326.037149
-824.217874,43,12353.920332
-274.180927,26,12390.942351
-656.530985,56,12422.273771
-501.750784,43,12465.173778
-877.334769,41,12493.045141
-403.678486,33,12529.982754
205.644357,11,12542.872816
-479.47289,34,12568.521992
-141.22992,26,12602.973821
-45.547989,43,12640.828332
200.510009,11,12654.229179
-579.318295,37,12680.431862
102.718829,18,12696.965595
197.399161,17,12712.396922
127.587658,14,12729.28319
87.61054,19,12745.812526
-657.665026,41,12771.362638
-100.470635,32,12792.508067
133.980651,24,12821.688551
-86.374317,23,12855.377478
-301.296378,28,12892.333294
-202.023105,33,12915.04466
-398.569126,39,12943.100631
-544.164891,37,12968.995248
174.965397,22,12986.35711
-162.146145,25,13022.157286
247.956319,10,13035.249401
78.498237,20,13051.790126
186.413558,19,13081.006316
76.819439,19,13096.833592
-161.3997,30,13118.902548
82.768822,21,13136.132535
-819.025313,37,13164.684206
75.992449,17,13181.6994
-418.354018,34,13205.772604
217.038863,12,13217.904658
-1433.609417,55,13253.484814
-1011.272666,52,13285.962057
268.192938,5,13297.058453
-189.7518,26,13318.00756
245.440969,8,13329.657473
213.170746,12,13342.396034
-120.340457,25,13362.981474
189.969557,17,13391.203357
225.204869,10,13403.269248
-905.814521,46,13432.953882
-985.364189,45,13464.624561
-141.525763,26,13486.256076
-912.561876,40,13515.279447
46.917295,19,13531.606172
126.059249,16,13561.427059
249.274781,6,13571.093647
-194.125881,23,13589.3563
-117.650261,23,13621.512958
122.456668,18,13639.178822
233.919021,14,13652.038885
-144.667134,27,13671.552364
-164.276007,24,13691.53452
-686.323042,36,13718.466973
-373.194966,29,13744.057002
-66.04396,25,13762.875868
-831.431211,42,13803.755741
233.84328,9,13814.512121
205.944277,11,13822.217613
81.40177,19,13834.551022
114.551288,15,13850.264124
-926.799024,41,13878.11392
-174.613869,28,13899.537379
-177.582311,30,13922.528355
36.529417,20,13940.050356
300,1,13946.377685
-231.855689,30,13981.944172
-239.235638,29,14002.373335
-116.788604,24,14036.191296
-705.370658,38,14064.579338
-571.449613,33,14090.709292
260.048874,8,14101.048084
153.465904,16,14130.138063
-337.446188,29,14153.837554
51.298796,21,14170.820676
-657.184514,36,14195.931542
217.994082,9,14222.135601
-268.390972,28,14257.694294
6.676884,18,14275.232826
-752.94769,37,14303.388955
-682.179346,33,14328.721319
-939.434388,41,14357.078307
-433.831455,33,14381.883747
-129.976305,24,14402.869837
231.527384,11,14414.757469
99.099844,19,14431.701508
101.755217,18,14446.924826
-396.322495,34,14470.015557
-426.140805,33,14506.958197
-63.445897,22,14528.26104
-178.390897,29,14551.087599
-790.433113,41,14593.832163
247.839237,6,14605.527118
-828.396912,46,14635.243324
-752.746694,34,14664.22456
105.305548,18,14681.683665
-246.707745,24,14701.00911
10.06878,25,14732.791463
213.571433,16,14748.240763
40.653906,19,14779.284234
240.346414,8,14791.797545
86.384972,18,14819.840268
-278.287092,25,14854.516695
-144.702482,29,14876.36079
-79.298299,21,14897.619182
-242.269374,30,14919.530602
-482.910575,35,14944.174449
231.532499,12,14956.538885
127.056529,15,14972.518392
-259.94358,28,14993.354764
-1034.058427,45,15025.519608
95.387413,17,15037.534585
72.354029,19,15053.487848
-903.785003,50,15083.786705
208.562681,10,15095.696752
-406.528368,34,15134.045446
138.048156,23,15150.271241
177.365365,19,15166.694042
-393.223879,34,15190.378516
-204.017558,30,15212.374403
300,1,15220.205733
-183.857919,27,15239.694046
-62.920743,22,15259.066351
268.925639,5,15283.412109
188.550263,24,15300.707991
220.147727,13,15315.125315
82.401471,19,15331.936599
104.801744,19,15362.65024
-17.781034,24,15380.392641
-468.739299,35,15403.808497
-85.334691,23,15437.447022
246.373538,11,15449.857012
-77.845625,21,15470.87222
114.254728,16,15488.106538
241.534522,13,15499.288231
-578.427645,39,15537.46753
-845.097971,38,15565.734401
-558.394534,40,15604.23303
-31.234761,19,15620.097817
-570.315727,38,15645.323631
-355.483476,32,15670.298476
212.279579,13,15683.149976
-509.419159,34,15706.949966
-367.291986,33,15745.301697
-410.339044,31,15769.362169
300,1,15771.567654
-536.525854,37,15809.765723
-475.729915,33,15833.847911
-447.034557,31,15871.011125
-576.337948,34,15895.17725
-397.128881,30,15919.037743
-290.845144,32,15942.75458
50.792474,15,15958.614971
133.708665,15,15972.623682
-47.914332,22,16004.759687
-167.819824,32,16024.630639
-68.949672,24,16056.965502
-518.654766,35,16097.409597
233.185117,10,16123.150488
-250.92057,24,16142.666697
199.416755,18,16171.245566
194.246813,16,16185.876647
121.766901,16,16200.97266
-688.524313,37,16231.443314
-452.446089,36,16256.931823
243.196262,8,16268.420585
48.490119,21,16285.643431
116.174932,14,16301.175641
45.242505,21,16318.594615
-221.92183,28,16337.614805
-514.916995,36,16374.770502
241.11948,9,16399.203201
278.485257,4,16422.006212
249.078775,10,16432.918235
-505.199984,33,16455.268829
-695.918001,38,16483.620444
-83.350103,28,16503.544159
-617.645087,39,16532.055616
-262.607748,26,16553.650886
-110.488513,26,16575.767057
-678.005375,36,16604.586892
-30.183946,19,16621.796962
-724.559256,43,16652.350491
-638.359201,38,16680.079162
223.897203,12,16693.820965
-796.86967,40,16721.753738
-64.19541,23,16742.18279
-402.931682,30,16767.259952
-19.627662,24,16785.820815
249.688185,9,16797.289607
122.882637,18,16813.971433
-133.075166,26,16835.190877
216.404708,10,16847.38754
-164.175085,25,16866.736154
-1017.635317,39,16909.437144
-369.876378,31,16936.131914
74.97621,19,16951.790862
-185.105373,24,16985.90995
110.985099,20,17001.713059
-911.856173,40,17031.218288
-386.999986,28,17054.541858
-244.641394,29,17076.639407
-106.588133,26,17097.779065
-396.010507,34,17134.887323
24.152365,23,17150.446314
211.945362,12,17161.482296
-67.613113,23,17178.793576
32.781307,22,17196.240819
-153.521632,25,17217.507673
-60.405435,21,17249.669265
45.290854,16,17265.882395
84.823241,17,17281.987726
88.537601,16,17297.11331
73.252743,15,17313.362978
-370.899455,31,17339.227581
-440.161253,32,17364.668933
-23.251237,22,17385.707703
-25.436865,21,17405.205827
89.787998,17,17434.439174
300,1,17441.596865
226.402662,9,17452.701349
-181.659148,28,17486.334646
-658.42411,39,17527.084396
-390.835321,33,17552.759652
-464.518114,32,17575.066412
256.721723,7,17586.331245
240.548625,12,17598.513004
-138.471958,25,17617.957965
109.164721,17,17646.837845
70.944282,19,17660.958362
-386.323547,30,17684.970735
18.078626,18,17702.235676
269.416993,5,17707.898941
257.097089,8,17719.17252
84.957375,19,17735.079115
-224.300428,28,17768.623194
-120.454956,24,17803.521472
230.192784,11,17815.677659
51.514994,18,17830.892096
147.431273,13,17844.643075
-270.922248,25,17868.11501
-325.705615,28,17890.155873
-363.771928,35,17914.87292
101.880712,19,17929.346292
-383.039303,31,17952.224448
-406.232168,32,17977.060834
-120.767545,37,17999.332292
-228.105998,27,18017.58192
-158.95285,30,18040.127547
-162.1182,24,18060.531066
77.439812,18,18076.262726
43.112726,22,18093.728647
-929.456578,46,18121.681021
-188.245297,27,18142.264882
-4.765945,24,18161.925184
132.547074,17,18176.987707
251.755015,9,18187.947238
97.042066,16,18203.217702
-591.203212,38,18228.675067
-727.971538,38,18248.661734
300,1,18255.243357
90.166778,17,18285.06762
114.026021,18,18301.31396
-565.373008,37,18321.768882
-42.491436,26,18342.990889
228.920458,8,18354.352275
-979.417537,37,18382.940744
-833.13613,40,18409.769445
-738.260286,40,18439.843207
203.043777,14,18453.623211
-55.834861,22,18471.821212
156.117986,14,18486.866827
-131.142285,24,18506.375318
17.192918,17,18523.432954
54.813174,22,18542.661089
-265.410714,26,18560.785842
-163.362926,33,18582.523316
-535.349032,34,18622.072803
-217.05145,30,18643.316847
-654.989193,37,18684.275786
-130.910484,24,18718.309733
-468.766602,36,18742.658094
119.426592,15,18771.855534
-66.043984,29,18791.153941
-199.672398,24,18812.27278
238.055337,10,18823.167789
-541.09315,35,18849.572282
-704.043689,36,18879.254739
107.278354,16,18907.448271
-121.192455,27,18942.49653
300,1,18949.819448
53.163751,21,18981.81883
-267.213408,34,19005.427885
16.350862,17,19036.715888
-425.043579,32,19061.523813
-219.862539,31,19083.482873
-1019.181792,38,19113.536645
124.679369,14,19129.72889
-683.137044,38,19159.336298
-1261.290855,47,19187.965422
-135.043574,26,19209.320576
68.417335,19,19227.655777
-406.626247,30,19252.626583
-467.132898,33,19279.035575
300,1,19285.589694
-77.128905,30,19320.175026
248.621248,10,19332.247545
-374.455622,29,19356.258198
-148.072454,24,19377.402901
240.004944,8,19389.070946
300,1,19396.927113
-589.187303,39,19422.429982
261.837055,7,19434.001164
-751.829975,39,19463.18103
-565.228523,37,19488.849648
-882.780867,44,19518.968259
119.603157,15,19535.2324
-497.112754,36,19560.393813
300,1,19566.345598
127.809953,15,19580.790457
216.469756,10,19591.986308
219.129837,14,19604.51118
-807.326564,40,19628.630019
210.525751,12,19641.332563
-125.598912,25,19661.118128
26.375485,21,19679.630159
29.67954,17,19694.116048
-88.562543,23,19714.623989
255.826009,7,19724.324039
225.364509,10,19736.111226
161.108871,14,19765.095798
63.477144,20,19780.866505
-108.665318,24,19797.653753
100.117349,15,19813.407679
252.878563,8,19824.967896
-144.82102,28,19844.603217
-194.395855,25,19864.756943
138.001601,15,19880.021327
-385.083592,33,19904.128975
87.600193,18,19920.171
73.962015,32,19941.474141
-85.206683,22,19960.204917
150.941713,15,19976.276665
-327.180933,28,20001.206309
-219.042992,29,20037.542894
-25.062462,20,20050.011437
71.388933,18,20065.11594
-497.576091,36,20090.004105
237.355769,8,20102.552029
-821.43041,38,20130.826157
-1.20577,19,20147.917363
71.031817,21,20164.119688
-3.571758,22,20181.011679
-475.951539,36,20206.859222
-428.861055,32,20230.518311
-619.935498,37,20256.047563
-283.634603,32,20279.201712
-941.854543,41,20310.43018
-156.062284,24,20328.983607
-103.454167,26,20363.535499
-445.63865,32,20388.657778
113.127105,19,20405.318206
-93.583247,28,20427.608702
-817.324969,41,20457.080376
-308.588487,29,20483.832873
-379.410346,29,20509.325473
249.232812,7,20521.212177
-687.6863,42,20551.913035
-64.794405,25,20584.545445
-737.217756,46,20611.066434
-571.819969,78,20652.811341
-875.18646,40,20681.198151
-616.861455,37,20725.276968
96.733917,17,20741.882257
-800.363177,40,20769.9534
34.479266,16,20800.044084
-771.834435,40,20828.065566
251.814643,8,20839.41807
-227.794876,28,20874.359941
-255.074017,41,20901.457422
146.60677,15,20929.293887
15.884137,20,20946.887426
78.629029,19,20961.997102
131.820159,18,20993.134709
114.82595,14,21006.878399
40.610715,21,21024.015782
254.715395,8,21034.246013
89.498271,17,21063.705821
-546.589206,38,21090.445693
-451.221911,28,21115.72298
206.429241,15,21127.497673
235.326155,9,21138.717885
15.437732,18,21168.278883
128.743266,16,21197.525023
-407.908975,33,21221.642207
96.201078,18,21237.834297
98.80783,16,21254.025106
244.470744,7,21264.229277
103.58167,40,21287.749509
-1004.599487,96,21338.148319
-396.187409,27,21359.420063
131.553987,16,21387.881533
91.933064,16,21402.51487
102.905363,15,21416.440137
56.73369,23,21434.383815
-784.342376,42,21463.514534
-234.538192,29,21484.303768
300,1,21490.634716
112.315543,18,21519.628978
259.545242,7,21529.562639
259.202243,6,21540.78173
-570.788905,35,21564.919016
-583.751592,33,21603.477687
-654.87603,39,21632.246192
-526.985051,35,21659.221909
-152.54665,54,21689.883116
87.340047,16,21705.191878
148.68789,13,21719.14736
-141.825227,24,21739.929037
-137.933547,25,21760.342088
-452.629967,34,21783.85857
142.1832,18,21799.90982
43.264636,20,21816.048031
-168.919845,26,21849.924372
-626.260334,37,21874.488954
-135.042797,26,21895.006249
27.396587,24,21911.235879
-651.992936,39,21935.576215
80.247049,19,21951.856452
251.388184,9,21962.654552
86.606323,18,21977.420775
-46.708351,21,21994.42307
-148.890563,27,22014.561051
-205.831039,25,22034.610179
-724.16733,39,22062.415181
-392.64525,32,22086.462949
-148.605628,25,22106.59505
52.164873,16,22122.646181
169.909166,11,22137.359812
232.849393,10,22147.553488
255.62802,7,22158.419355
-121.506405,24,22177.899396
-61.256851,20,22199.035881
239.455982,9,22210.387186
109.32742,17,22239.451075
-718.651736,40,22280.677171
61.142978,19,22296.362242
-889.292114,44,22323.029742
-457.14951,33,22360.255837
-889.701955,45,22392.42232
125.634492,15,22408.474869
-546.794984,35,22435.842979
-409.884818,31,22459.500711
228.172418,10,22472.689052
-78.955456,24,22494.481526
225.499182,9,22506.507605
-418.053016,33,22544.594321
-439.288023,27,22582.537617
232.264021,11,22595.25516
166.1339,11,22610.158116
-82.151905,26,22630.675581
74.491158,20,22647.063658
67.33399,18,22663.17893
211.509829,14,22676.623545
19.694048,19,22693.376882
300,1,22714.574768
-136.895534,26,22736.126584
-125.335129,25,22757.772125
-185.013162,24,22777.810277
-635.305496,35,22802.132693
-588.329768,34,22827.094604
-117.318877,24,22848.752509
85.38006,18,22865.157133
300,1,22872.193884
73.786491,18,22902.360483
-471.262531,36,22925.9007
-863.380532,46,22957.211694
300,1,22964.6634
8.419066,17,22994.817239
-428.501311,32,23019.203691
-946.189494,41,23047.516778
-14.792918,19,23063.313395
-118.246276,23,23082.800232
-17.961159,18,23103.020377
-72.49614,23,23124.204394
-157.749562,28,23145.116328
-101.29538,24,23166.919729
33.641685,17,23184.50966
-1001.505326,42,23213.375054
-375.310251,31,23236.70846
-180.879123,26,23254.191822
-413.771909,30,23280.323451
-203.697013,27,23300.985378
-793.804033,45,23330.967105
49.757912,24,23348.755732
-404.848586,35,23373.041058
-416.09944,30,23410.833606
104.610499,15,23425.479196
-157.551028,27,23446.480175
-76.814562,22,23479.383209
245.698944,8,23504.108619
82.510093,16,23533.760459
300,1,23540.094951
-17.254697,20,23569.404863
-898.148074,47,23598.736163
70.173767,20,23614.903251
-797.210491,40,23642.673212
-790.917712,39,23684.565036
-93.503706,21,23705.561692
131.5542,12,23721.349905
220.587218,14,23733.328527
223.50322,16,23747.448346
226.680374,10,23758.568694
-778.091001,42,23802.150191
-671.646731,37,23827.352443
-201.203278,24,23862.892032
-1027.097305,39,23905.161484
219.144044,11,23918.193929
94.247706,17,23947.591544
232.970265,11,23959.845662
114.387952,16,23989.065443
94.190624,18,24004.48715
106.33969,16,24034.126079
-440.749002,28,24057.262784
245.970886,8,24068.683707
109.0411,18,24082.402213
166.695039,28,24101.3569
40.48427,27,24120.004357
-517.264533,31,24145.834674
-342.613094,32,24171.646458
-108.212408,27,24192.016601
-127.406772,25,24224.139986
140.937762,13,24253.166907
258.885829,6,24264.152833
237.821061,9,24273.947057
-498.394952,35,24299.751017
-842.178879,39,24326.8928
-168.266544,24,24347.41835
106.328941,18,24364.045427
268.379179,6,24375.283162
98.123299,16,24391.519016
-151.95063,25,24411.449307
-6.243119,20,24427.93944
88.56026,19,24444.634432
-371.585143,30,24481.131099
33.991954,20,24499.017457
-163.399959,25,24519.809434
-236.298611,29,24539.664428
-335.665824,33,24564.807368
-315.472891,29,24588.83551
106.87211,18,24604.379401
-1045.945793,46,24646.418788
-206.811877,31,24668.540442
-322.880103,27,24703.573287
-398.89262,39,24742.60336
-962.538239,45,24774.305809
-879.397653,39,24801.736088
76.277006,19,24818.060663
-251.952504,32,24832.946099
14.108919,30,24867.057952
242.785623,9,24876.531941
198.063667,17,24902.822816
164.838428,13,24930.868103
-1236.237499,48,24975.197385
-172.966531,26,24996.956492
236.695168,9,25008.022847
-271.73921,27,25030.426992
263.351334,7,25053.339771
-295.784787,26,25087.778494
-174.174112,26,25102.91336
-486.967864,34,25127.81392
154.660897,13,25144.390831
-233.520827,23,25164.205217
161.013436,13,25179.366928
268.240551,6,25190.739111
-162.131232,30,25212.066375
150.669748,14,25241.162128
-17.622137,20,25256.72577
-141.25583,29,25277.950769
-385.833162,30,25303.455322
213.312189,11,25315.701782
-183.567694,26,25336.370013
-197.145868,25,25356.759879
-25.972895,19,25375.677971
-864.363186,41,25419.325773
-168.29871,27,25440.674421
101.505276,17,25457.20089
265.761545,6,25467.899054
137.656086,17,25482.527758
59.04432,19,25499.126796
300,1,25501.068243
123.282377,17,25530.030066
-53.180249,21,25549.464199
-426.792804,33,25574.303546
81.915869,21,25590.937292
-48.944102,21,25609.549924
114.85301,15,25626.077165
87.198147,17,25640.523953
-475.512274,33,25664.411543
-13.297191,22,25682.201607
-114.610843,24,25701.56487
67.77624,24,25717.923112
238.149644,10,25731.148337
13.643649,16,25747.174423
44.189001,16,25763.368527
-174.174745,26,25783.738512
-897.849313,43,25811.959606
111.910277,15,25826.547083
-1009.439919,46,25869.985435
-1017.504918,46,25900.590595
-920.58891,45,25932.009555
-103.16372,23,25951.081807
300,1,25971.806025
300,1,25975.227981
74.753766,17,26004.304441
92.907364,18,26016.616946
-567.97485,36,26042.271869
210.07334,10,26053.807144
-560.559194,31,26080.824858
-73.782675,23,26101.421062
206.526441,16,26116.101549
-102.466048,24,26136.991633
-853.603128,41,26163.899144
-775.093195,42,26207.109449
-109.691169,25,26227.090105
-535.645882,34,26251.438497
236.907145,9,26263.18925
-832.710859,41,26291.780556
238.012939,8,26303.392688
-529.820373,37,26342.818384
231.37905,13,26357.434389
-116.318766,25,26378.410494
103.315831,19,26394.915091
-344.685404,29,26418.945765
30.842515,17,26435.401108
-131.434775,23,26456.421883
-984.927813,47,26486.609775
217.816623,12,26499.177602
-345.440151,31,26519.66643
254.361294,6,26531.019168
-111.182147,26,26549.518075
180.120705,13,26563.168962
-1198.69335,45,26593.491791
74.079137,20,26610.443323
-405.005759,31,26648.233432
-134.180459,25,26669.960908
-186.479896,27,26689.43566
241.072084,9,26702.103044
-213.050245,31,26723.235415
250.553855,7,26734.241591
-65.715977,21,26755.828419
-385.575316,28,26780.526263
-913.289048,37,26809.359654
-425.392892,30,26834.739686
117.462818,15,26850.901526
135.653947,16,26881.957877
-88.565821,23,26900.364384
-55.15054,23,26919.008209
-241.359425,35,26942.046497
-399.360843,30,26965.234599
-390.703777,29,26989.900655
264.047991,6,27000.144321
-114.626721,24,27032.539547
-222.682794,24,27054.404462
-122.023812,28,27076.284983
247.084414,8,27085.935782
-235.306788,23,27107.269332
67.660212,15,27137.184651
156.924807,13,27164.841374
76.689967,15,27181.892628
-42.656009,23,27202.474797
105.877413,15,27218.83599
34.419518,21,27235.33315
-188.640513,31,27256.244576
-108.35967,23,27277.562702
224.44782,10,27290.503406
-940.225372,37,27320.72658
-115.362312,29,27353.933822
-363.218407,29,27389.945768
260.589971,8,27400.162733
44.507417,19,27414.296436
-52.102841,22,27435.46803
-508.274154,34,27460.163613
-50.097787,22,27479.774198
-193.446109,47,27506.268902
-250.782766,28,27543.3547
258.169054,6,27548.230554
-525.179652,46,27578.024987
115.981432,16,27593.760906
198.793518,12,27607.237195
248.951468,10,27617.296539
-44.956624,21,27651.014787
-702.517737,36,27678.06095
-710.363078,35,27719.667019
-152.107964,26,27740.67535
-649.694725,39,27767.831292
-754.338636,40,27795.37979
-532.219376,32,27835.785865
-110.053412,22,27849.986437
-535.754262,33,27874.728526
-429.77493,32,27900.90098
-442.271552,34,27924.427288
42.259835,19,27940.406116
151.148708,23,27969.284196
-286.727945,30,27993.005354
-876.414298,44,28017.242238
57.313654,20,28033.897424
-483.193224,33,28057.085487
-226.685832,28,28078.145141
-1014.179136,44,28106.855844
-341.465052,25,28127.148574
192.464871,14,28140.046071
-423.52797,29,28174.308416
-81.353318,22,28192.831566
-143.07403,24,28215.798015
71.875819,19,28232.076041
-546.863444,37,28270.564633
258.608255,7,28280.272907
300,1,28300.301136
-390.994729,30,28334.685152
54.598032,17,28365.842431
202.032239,19,28379.820126
-586.496937,36,28419.586242
300,1,28426.378111
-1.247208,23,28457.943424
-262.588358,32,28478.92841
-434.434463,33,28503.262622
-191.059202,29,28524.764882
-989.252331,39,28568.44802
-379.927589,32,28595.080312
232.28308,9,28606.566939
96.652828,16,28622.604951
-235.511865,23,28657.553158
-362.725079,31,28682.456701
-97.116498,21,28703.235496
60.283683,27,28721.071594
18.071372,22,28740.201085
-575.834667,36,28765.471419
-153.707412,23,28800.399525
300,1,28807.325854
84.253397,16,28836.795808
70.271367,18,28851.866012
-708.038446,37,28894.588314
241.112316,9,28906.57855
-453.503744,34,28931.401661
212.892521,12,28945.089597
230.728408,12,28957.17757
-443.958515,33,28983.838709
-386.068164,31,29021.413693
-1066.230115,43,29052.853879
92.533973,19,29070.458266
-749.991253,44,29098.969136
-209.569707,39,29123.427015
213.694424,10,29135.782859
-564.410057,38,29161.628582
-356.806957,31,29186.456913
-381.78606,31,29225.784438
-360.032175,29,29248.633284
60.386592,26,29267.21554
252.151529,8,29278.240956
229.251558,9,29289.792624
-62.223079,18,29309.854455
-453.378249,33,29336.027894
256.870904,7,29347.09337
-409.206002,30,29369.698284
-380.178613,30,29394.887005
14.355743,23,29410.625079
-330.400925,28,29431.793713
146.30831,27,29450.522448
300,1,29457.644953
-874.766251,41,29500.269616
-608.383477,37,29526.147169
-23.04129,21,29545.633039
-83.222243,23,29579.306384
281.495398,4,29602.252277
-4.217071,20,29634.510849
-67.252162,23,29653.41487
-88.317385,24,29687.221449
-519.913283,36,29725.395039
-232.274698,58,29759.332171
-168.506956,30,29778.795206
281.943456,4,29802.0006
10.974495,26,29819.571486
-201.282371,26,29839.70922
-653.469154,32,29865.753593
-731.743932,34,29894.79239
248.200185,9,29905.99417
109.002754,16,29921.257023
-289.433352,30,29941.888868
-466.886806,33,29965.76602
34.297859,17,29981.118865
-961.481867,44,30010.928097
-525.023536,33,30036.254192
300,1,30042.429456
-682.586993,36,30082.479082
-169.3473,27,30102.752797
102.137405,15,30118.584823
113.190962,21,30134.840176
50.721469,18,30151.650247
103.669119,19,30165.663368
114.619701,17,30181.363979
-541.315623,43,30205.143463
233.654973,12,30230.576767
-749.96318,41,30272.279931
-991.619596,45,30302.405157
-750.249852,40,30333.175951
-156.103816,28,30353.929523
212.03295,12,30365.848535
-637.699547,99,30417.451285
-332.009677,27,30441.585904
-662.675798,38,30480.644607
-470.839799,30,30519.439452
175.423948,23,30537.703525
215.466865,16,30551.884886
-95.515715,23,30570.887326
235.651794,9,30582.078141
-121.258996,23,30601.581774
-488.28923,30,30639.774839
-44.461707,28,30662.176657
-730.882381,163,30748.221435
-557.782304,34,30773.298019
68.525285,22,30803.123626
-503.556084,173,30905.229886
-595.258891,52,30936.93001
-434.219693,31,30962.149644
300,1,30969.256704
269.96719,6,30993.961962
68.781816,52,31023.372333
-56.668974,28,31041.982679
-754.844627,40,31084.743438
122.73006,16,31101.450899
-64.682775,21,31120.033276
-143.209361,25,31140.187784
148.541394,13,31169.567948
-512.844347,32,31193.076389
-203.090557,29,31213.651023
107.808547,18,31232.081613
94.533213,14,31247.963915
135.465904,29,31268.945243
78.373459,17,31285.539657
-785.09385,39,31327.532158
-1214.217438,49,31360.690028
86.492912,18,31376.255255
-321.223614,29,31397.620027
-828.491197,79,31445.886862
300,1,31452.894205
-646.841315,40,31473.50618
242.249683,8,31483.637619
-468.32096,32,31507.950531
300,1,31515.213832
-408.461663,29,31553.695033
-71.765745,23,31572.532376
-302.932167,26,31609.945661
-427.071266,32,31633.455175
-758.039483,41,31675.150579
-350.762582,37,31700.071286
101.005939,16,31713.436915
-112.826292,23,31732.605405
154.778229,13,31761.705935
-927.776038,45,31791.011996
-299.88436,34,31829.201168
77.515997,16,31843.7133
-506.289423,32,31867.767652
-339.42585,38,31894.64061
251.639445,8,31905.895369
207.567249,9,31920.637872
203.27033,17,31932.66749
47.010735,16,31963.517085
-96.189377,24,31982.642053
241.480815,9,32007.3678
-127.301251,28,32041.049281
51.144103,19,32057.995468
233.809197,9,32067.990897
242.943996,8,32077.435218
147.568328,15,32092.869023
244.147797,8,32104.354908
-428.506365,36,32129.743597
57.028016,21,32145.800394
81.356224,17,32161.841601
-273.272872,27,32199.034656
-641.63167,39,32224.120358
-431.751915,34,32247.568985
241.74664,9,32259.053241
-113.770067,23,32280.253227
-1153.234223,43,32310.631682
-445.491179,35,32336.640516
-801.3665,43,32367.35072
81.706283,19,32383.683977
-593.445627,37,32409.168184
-788.908171,39,32438.293602
159.262083,30,32471.915342
-694.562793,39,32499.443008
-121.228318,24,32518.564392
-129.668427,25,32537.790784
82.287858,19,32566.992635
-192.712212,25,32587.553981
-70.077642,24,32608.452024
-365.046511,30,32632.311152
241.892187,8,32643.916548
-415.835998,32,32670.427336
-190.492341,35,32693.764275
300,1,32699.493102
-471.242633,31,32738.721182
89.876259,18,32756.325061
215.722498,10,32767.369359
82.278436,16,32782.605849
122.683956,14,32799.344071
-56.998761,21,32819.102474
220.724514,12,32831.198375
-177.074832,25,32852.661956
-186.488945,26,32874.297976
293.085455,3,32883.085315
267.425241,7,32894.342429
-75.764596,22,32911.542909
-137.933992,26,32931.324337
-391.156883,30,32968.813498
147.718382,14,32984.896367
-794.772579,44,33014.938023
-478.159318,34,33039.723789
-335.653595,42,33082.596035
-146.586712,27,33102.994869
-567.697907,35,33130.051847
-65.407265,26,33151.299487
-328.544511,28,33173.916174
-404.500198,40,33195.732725
-837.253803,39,33237.981594
-926.958325,48,33265.929632
-147.94988,24,33285.26141
267.641103,6,33309.545342
94.348006,16,33326.140757
-393.738668,31,33350.457907
-148.963861,32,33370.039539
-460.415798,59,33402.147819
152.992517,14,33431.185964
266.217357,6,33441.292024
-851.481468,39,33482.114924
-1084.085443,47,33514.077492
-875.396389,46,33545.520493
30.130235,19,33576.528858
-48.789403,22,33596.19759
4.101962,30,33629.585547
-414.463268,31,33654.509031
-1296.300076,49,33683.149844
-115.419729,38,33707.047262
27.709123,17,33721.877811
-347.555765,28,33745.107305
90.11114,18,33759.908348
148.989189,13,33774.609116
-686.877632,36,33800.590745
-115.071867,29,33835.359165
50.156407,58,33864.702151
-193.49286,29,33898.922819
-23.787482,21,33917.92438
116.045553,39,33940.482831
300,1,33947.476731
-294.115373,36,33983.313483
183.524626,10,34011.146919
-109.595422,23,34030.086613
-880.255387,39,34055.068345
-377.5093,34,34080.956847
-539.763083,47,34109.869076
122.34743,16,34123.800086
62.724468,21,34139.393596
-187.777265,26,34154.950091
-34.17287,29,34188.711867
248.579884,8,34199.46648
300,1,34206.155597
170.94418,13,34233.907804
214.264443,14,34259.760133
230.610604,9,34268.935645
150.078207,13,34283.394654
-102.196386,23,34302.732176
-489.574645,35,34328.99414
45.109706,20,34344.946659
-724.958042,39,34373.931621
-26.673584,28,34393.724428
-181.264895,28,34413.444613
-511.587338,30,34437.760821
248.374216,7,34449.163749
246.303841,8,34458.637269
132.807166,37,34481.733494
-1044.275768,41,34510.700038
-404.783276,37,34535.817375
6.645849,20,34567.275105
53.916334,19,34598.605222
-858.864844,48,34630.218277
-216.202546,25,34650.857307
-315.423988,28,34673.599469
-905.374921,58,34708.878878
227.68684,10,34720.609711
-279.17208,33,34758.110595
-390.015306,32,34781.265007
100.602573,16,34797.408069
-407.142946,30,34821.889794
141.620442,27,34839.644026
-211.715363,27,34860.629471
-34.329337,35,34882.203351
-542.204004,38,34906.643395
148.132745,14,34921.550338
145.954571,13,34949.653142
116.96592,30,34969.419793
-369.349317,33,34994.540652
-354.443198,37,35016.902061
207.215455,11,35030.190892
-422.820683,31,35055.101256
75.921713,18,35070.305608
-1014.626694,46,35100.016037
-439.466853,34,35139.099166
-527.033772,55,35170.634548
-412.826043,33,35194.304885
5.614497,39,35230.551035
61.167119,17,35245.305265
80.90648,22,35261.361358
-367.013588,30,35298.536799
-431.262603,32,35335.730139
-164.325707,26,35356.120898
-417.49102,31,35380.212904
254.756453,8,35391.747171
-916.158416,50,35420.984694
-489.132927,42,35449.415079
140.677825,14,35461.429862
88.79817,17,35490.591317
-506.488184,36,35515.114361
265.309297,6,35525.97899
-870.000033,42,35554.548765
-237.828964,28,35575.549247
259.117704,7,35584.916575
-196.330584,26,35606.136001
172.803032,22,35622.887855
-504.99152,35,35646.595635
-94.844896,31,35667.391924
-55.380846,28,35687.945177
269.470535,6,35699.601905
197.264855,16,35711.129989
260.624283,7,35722.038453
-197.380984,41,35746.680714
-800.388379,42,35774.86358
252.10036,8,35786.638701
261.796259,7,35810.943184
-196.350794,29,35833.218347
47.422241,17,35848.375888
-290.877833,31,35870.771865
105.615187,16,35887.502246
-858.803535,39,35929.529716
73.362731,27,35948.607321
-99.871834,22,35966.489042
119.472333,15,35980.469477
-616.910531,38,36004.879642
-305.38297,28,36042.082454
-801.248008,44,36069.73062
-369.963812,31,36095.321541
-253.487625,59,36127.785691
142.009599,14,36142.31642
-121.727525,23,36160.441162
40.073154,25,36177.924765
-284.059146,34,36199.77162
90.89932,41,36225.523573
102.738964,16,36239.871922
-407.920766,37,36277.372876
-497.191752,35,36302.511054
-24.492938,31,36326.034144
-131.552176,24,36344.712055
-225.363706,26,36365.534478
-599.135364,162,36435.134382
-751.136872,38,36463.118448
67.585627,17,36479.066347
-146.591419,27,36496.979019
139.878048,12,36526.483009
-746.298198,68,36562.643133
-755.373527,40,36605.284605
-622.088974,44,36633.688512
-1281.151316,152,36707.098743
-1023.965969,42,36737.299293
-633.654946,37,36763.519117
-853.182062,41,36794.133077
-220.010216,28,36815.736242
-791.89753,40,36842.319253
-540.205456,36,36870.366598
-442.096974,35,36895.173242
268.916619,5,36905.317143
237.199499,9,36916.675138
252.799101,8,36927.121872
-199.562217,23,36948.960816
249.896649,8,36974.977904
101.247787,16,36991.491453
-9.484208,21,37010.401788
-230.919245,27,37031.736974
-245.798589,29,37054.098428
-414.491686,36,37077.733066
40.59402,17,37093.845746
241.85371,9,37100.728492
-394.277922,29,37122.806326
-50.236547,48,37150.173496
84.684515,20,37164.479616
-516.768081,105,37214.547376
-475.931705,37,37238.480537
-544.9879,34,37261.213863
-590.533577,40,37286.859814
-359.985962,28,37324.492123
109.940122,18,37341.30172
28.924604,18,37357.601895
-58.774962,22,37390.523207
-407.655285,45,37417.628551
-50.716105,21,37434.921724
-458.877782,36,37459.765073
204.804108,11,37473.615094
266.84769,6,37484.135041
-35.260392,40,37507.622539
-39.102728,20,37526.554777
-122.422963,25,37545.806207
-377.061244,31,37570.147522
245.820896,8,37582.322227
-956.913782,40,37612.979551
-153.573958,32,37634.509282
300,1,37641.564992
-750.880867,43,37684.296174
221.194378,9,37697.185068
-388.44562,29,37721.287485
71.813737,18,37737.072133
-419.521795,32,37761.255189
-464.806153,36,37785.722743
-820.57497,41,37816.450251
-924.280926,43,37844.631398
-906.668899,44,37874.536569
191.247675,26,37903.750123
-522.809832,37,37927.957421
228.191973,14,37953.722839
149.364184,15,37969.112468
-543.847655,30,37994.133797
-696.435214,36,38035.919868
300,1,38043.370996
-555.414819,32,38082.015651
-467.539198,35,38106.222097
175.602933,12,38133.759427
-140.326132,26,38154.346066
-124.524497,25,38175.151313
97.628123,15,38189.439575
-493.325145,37,38210.579984
-518.068715,36,38235.261688
-167.85982,27,38255.852999
150.688427,14,38270.986581
-1017.754262,51,38301.1124
300,1,38308.540274
-1154.129855,48,38352.015312
-350.997564,32,38374.758191
51.817266,20,38403.857893
-975.243807,42,38444.994262
-144.209782,28,38465.988028
29.316248,23,38485.248716
245.108038,8,38495.942664
-378.774011,30,38521.166231
241.020043,10,38533.295077
261.583687,5,38558.335153
-184.613483,25,38577.927188
137.476006,16,38607.325047
58.67125,17,38625.157022
94.974135,17,38636.911624
-886.844626,42,38665.955833
-109.979736,24,38685.236661
-158.709669,28,38707.382908
-174.234853,26,38728.670695
-100.771083,23,38747.877296
-457.386937,36,38774.865462
225.929585,13,38787.15905
300,1,38807.18638
101.104373,16,38835.071389
-127.239016,26,38868.280087
-708.012258,34,38908.083909
-915.246412,44,38939.001253
-82.000962,24,38960.821111
-145.454968,26,38980.477664
-98.26519,24,39014.821652
-326.210372,27,39036.868666
69.733554,22,39054.353389
-236.03512,33,39089.86569
-477.158786,40,39116.44182
37.976824,17,39134.580866
-1000.345007,49,39164.675788
252.979621,7,39170.787609
-1086.025876,41,39202.176245
18.927343,18,39221.871161
-1077.789661,59,39255.647178
-290.825252,30,39278.437292
-132.557744,27,39299.473855
-189.365508,32,39320.314701
-798.533476,40,39347.557611
-444.202532,34,39370.387327
-438.663748,33,39396.297593
278.155393,5,39406.221347
105.010459,15,39435.243346
-385.634469,28,39459.748326
-427.703387,34,39485.065254
-597.248421,41,39511.148463
-66.854575,54,39539.390421
105.853256,17,39556.042476
71.780854,16,39585.294348
-29.296949,17,39604.126792
-254.985786,30,39624.364447
131.378029,17,39638.865289
-106.610777,29,39659.803152
-837.607002,36,39687.404
118.034153,15,39702.573694
245.03557,8,39713.939115
108.133159,19,39731.300183
54.556232,16,39746.642867
179.022939,17,39759.085303
105.105864,18,39775.096308
-290.376921,28,39799.866239
83.173721,21,39813.949814
240.623796,8,39825.015915
202.553042,14,39851.378267
-146.761614,24,39885.018915
122.571684,17,39900.655873
78.572466,20,39916.598346
92.990268,17,39932.563008
207.074639,14,39945.976346
-203.583891,28,39966.210465
82.082571,19,39984.000549
-1025.761895,41,40012.325848
107.850147,17,40028.867581
108.040459,18,40045.24594
-13.723863,19,40062.504811
-61.126365,23,40081.053868
-413.193866,29,40117.894233
-364.016872,29,40141.651562
-68.189558,23,40160.596596
94.963642,22,40176.565919
-20.560201,42,40213.056333
-993.036303,37,40255.684646
-313.892989,27,40291.430994
-777.139211,34,40317.709805
156.266181,13,40332.067197
135.335463,14,40348.599129
46.996525,19,40364.852244
-394.283741,29,40403.510235
198.584415,18,40417.916325
-1087.864652,49,40447.495249
300,1,40456.01843
-214.460763,32,40478.711947
300,1,40485.902853
300,1,40505.930635
-74.697956,21,40539.35926
-216.449215,26,40572.285872
-831.921334,42,40602.199239
-147.009177,30,40622.288372
-502.923651,32,40660.313962
-117.600468,22,40694.582565
-406.218862,31,40718.794537
-392.268973,31,40743.464062
-345.032391,26,40778.755696
123.831978,15,40794.627408
-377.346448,32,40818.576099
-951.475964,42,40848.097979
-234.165608,25,40866.708546
-167.66366,25,40887.727396
-466.345895,32,40911.786364
-452.666047,32,40937.413056
-117.383989,27,40957.170474
223.705532,11,40983.126432
-230.765097,31,41004.491681
-388.786252,34,41029.408429
1.917312,19,41047.964748
-644.311544,33,41073.210366
300,1,41079.613893
111.587941,18,41108.985989
-679.361498,35,41151.497325
-199.860437,25,41170.858487
149.75948,13,41186.341622
170.063167,18,41213.609273
55.786116,18,41230.17116
248.250099,10,41241.060421
-36.080626,22,41273.420221
203.769216,14,41287.025032
-154.659478,27,41306.80222
69.877277,16,41322.564148
149.486793,12,41335.610647
-404.623682,29,41374.134807
-953.825084,44,41404.244846
-49.160199,22,41421.829393
249.549654,6,41432.885426
-919.426255,44,41463.02917
-562.973692,32,41487.233257
-362.204076,31,41511.436478
253.821269,7,41521.788221
76.653964,23,41539.307913
238.237214,10,41552.354864
-294.782232,29,41574.238315
-484.402693,35,41599.437277
-32.781759,18,41616.183815
30.377212,39,41639.832657
-478.425524,34,41665.364588
225.596561,11,41677.983129
186.647357,11,41692.42
-180.143293,28,41713.322762
-915.065499,54,41747.235004
-86.881873,27,41780.804581
-489.533635,33,41803.670938
229.870932,11,41814.556305
-100.835372,23,41833.754981
-964.254626,43,41864.808333
80.673405,18,41880.546469
242.844574,7,41892.311585
-218.695671,28,41912.002028
-939.92116,43,41941.531735
84.347433,21,41956.684014
-118.180931,23,41971.224061
300,1,41976.273993
230.677309,9,42000.935505
71.319696,26,42020.397408
-168.546879,26,42040.315735
111.716919,15,42056.705856
88.915852,16,42071.479635
136.793403,14,42086.292351
-451.805652,38,42111.383359
-162.521343,24,42144.086329
-261.879334,33,42179.348755
-846.006348,44,42209.777801
248.269543,7,42221.646505
-169.70237,31,42240.71408
-56.534165,21,42273.158018
248.858132,8,42282.98822
102.167547,16,42299.262656
-467.091917,33,42323.766002
248.581416,11,42335.838158
-371.126594,30,42358.931905
26.819487,17,42375.183053
266.642522,6,42386.021601
105.056526,17,42402.092426
119.148957,19,42418.526177
-76.074258,29,42439.848426
-577.257228,40,42467.910769
233.171802,8,42479.224668
67.015383,53,42504.341936
-89.157709,23,42525.143579
-488.870927,33,42549.343144
236.175418,8,42560.825892
-160.740051,26,42582.123059
-223.659219,29,42604.112042
-87.894577,23,42625.705241
4.330526,18,42642.236901
-118.774736,24,42675.202317
231.820154,13,42687.247795
300,1,42694.447354
71.189873,17,42724.173923
-369.364264,36,42749.737458
67.26579,22,42779.276671
-356.479806,33,42816.630076
-486.576058,34,42841.125213
-842.112384,43,42883.63785
249.265101,7,42893.823825
64.178012,17,42910.757766
-61.11964,21,42930.292081
23.819722,18,42947.435515
-450.876829,39,42972.077039
-159.998401,25,42992.943279
-415.655497,33,43017.273468
244.801586,7,43028.144989
-570.640602,32,43051.609094
31.589841,16,43067.923562
-492.672201,106,43113.349849
143.574742,31,43132.760545
-649.384144,35,43171.92573
187.480757,13,43185.106235
238.266459,11,43195.869088
229.778352,9,43221.639328
-551.97596,59,43253.937991
-126.405304,24,43286.324223
227.853946,14,43297.347974
300,1,43318.026136
-455.86921,33,43342.168456
240.026099,10,43354.406736
29.946285,21,43371.251383
51.816896,20,43388.78232
-513.285376,35,43413.527191
-472.532018,40,43438.720269
-420.345603,33,43475.729827
-921.419995,43,43504.640625
-179.797889,30,43524.993788
77.600498,18,43541.594036
-598.96765,75,43580.698334
-136.754007,26,43599.933554
-124.505746,23,43618.983901
-227.082924,42,43659.524878
-640.254931,64,43690.028399
-192.250805,42,43716.993356
-865.739711,44,43744.743918
-218.927969,28,43767.339569
172.36415,22,43781.967801
96.387322,16,43797.907583
-473.952228,39,43822.899064
248.314062,10,43833.711452
-865.102022,45,43861.266052
81.636535,48,43886.586045
252.481619,7,43896.217503
219.920907,12,43909.262906
-403.191381,34,43932.937221
91.142073,18,43948.720089
31.871535,17,43965.020255
-57.910001,22,43997.352211
-710.386201,67,44030.390782
-213.437908,32,44051.63252
-80.563382,23,44069.275911
212.420371,11,44095.254693
-72.716988,20,44115.407321
-220.854457,24,44136.522534
-405.572977,54,44169.370818
248.114075,9,44179.886116
250.789809,8,44204.274001
300,1,44209.399117
-369.451213,31,44244.889692
-447.639532,31,44283.582733
-136.351224,24,44303.350822
167.763785,19,44332.129515
95.643836,19,44347.124766
-765.089969,38,44375.48423
-192.36174,24,44396.230393
-76.52664,24,44414.860902
-949.591159,41,44456.929271
249.038732,6,44467.69253
83.743246,17,44496.502077
51.160347,17,44512.66327
196.098569,11,44525.875417
-126.616038,29,44544.027324
300,1,44564.054967
-188.442051,42,44604.922816
-250.156578,32,44626.857277
-224.888727,26,44647.489307
-728.953959,40,44676.781189
-4.561376,18,44706.289481
225.888067,10,44715.904687
-918.692782,40,44743.466782
107.268688,16,44759.892977
163.798926,14,44773.765968
300,1,44779.788981
267.524114,8,44804.212932
-155.964936,28,44826.055081
18.470453,20,44842.970995
-48.746852,26,44862.684946
108.024638,13,44892.629694
300,1,44899.950711
22.540649,21,44930.780692
300,1,44937.468212
-501.463015,35,44976.986206
-970.586992,43,45021.152246
149.860274,31,45039.251276
-783.734225,40,45068.35858
-415.671794,32,45105.985979
-413.040572,39,45132.405617
-374.121881,27,45168.734315
-59.131142,21,45187.171876
-97.448881,23,45219.875148
55.815149,22,45251.026145
-497.797733,40,45276.562325
80.736946,17,45291.588689
300,1,45298.461993
91.197938,18,45327.941591
-472.144083,33,45364.732749
224.122208,10,45377.519396
-931.206397,35,45407.859278
226.556321,13,45420.700028
-477.20052,37,45447.062957
-165.571666,27,45464.75733
-108.59136,23,45486.186817
-413.637139,34,45512.449605
-551.625046,37,45538.155931
-190.931218,26,45559.552795
133.473933,15,45576.279625
-578.794572,37,45601.315641
251.457107,7,45611.288665
71.631959,17,45640.750021
44.905926,50,45671.257867
-677.662185,60,45705.432912
212.955513,11,45719.048305
260.875306,6,45730.037557
69.737916,17,45746.1455
279.702334,5,45770.484859
-25.408528,34,45793.205041
126.717035,15,45809.517085
-905.092965,38,45838.642045
92.669817,22,45856.759503
-1085.643868,45,45886.527124
-777.560652,37,45927.266167
-616.812486,42,45953.579358
-399.436568,32,45977.569296
129.007614,14,46005.746525
-165.917024,24,46039.540775
-43.758867,22,46060.488311
-248.646565,26,46077.773897
-908.705711,39,46106.897221
76.283592,16,46122.958607
200.485222,13,46135.25153
-229.904383,26,46156.466977
195.782428,13,46168.820283
-321.049439,55,46201.37704
-154.973637,27,46221.452423
-14.917522,55,46247.403991
-699.831122,38,46288.944914
-978.384344,45,46319.496282
-387.391276,60,46352.332231
-71.631154,21,46371.663264
58.252413,19,46388.050143
-830.431092,43,46418.055624
300,1,46424.535717
-402.976431,34,46462.70571
-26.014374,20,46476.756835
238.384895,11,46501.948314
207.225305,11,46514.305926
-496.236598,31,46539.413561
137.051113,15,46554.019018
70.276617,17,46568.401363
-142.82055,25,46588.319284
-534.307824,35,46614.603047
-171.437232,26,46635.167318
179.352075,13,46648.658901
70.125621,18,46665.310727
300,1,46673.387372
-140.95747,25,46694.139132
-448.356835,34,46717.987227
-193.38609,28,46739.931439
-575.273849,34,46764.474102
-333.730704,27,46784.559733
300,1,46791.105548
-602.013905,42,46829.934026
-73.812543,23,46848.645077
300,1,46855.495507
-359.732856,32,46894.118639
300,1,46901.128594
-507.780971,35,46938.497226
114.123664,38,46976.537291
243.484716,9,46986.513896
-316.614013,27,47007.852641
-373.877571,30,47044.489986
113.739305,15,47074.304782
-357.24706,39,47098.004815
-318.500741,27,47119.639714
206.685298,11,47131.353076
81.086849,16,47145.240128
-383.806663,28,47170.025027
107.904825,15,47185.669975
256.327474,8,47196.567643
129.124191,18,47224.787805
-139.732862,26,47258.938147
81.622187,33,47280.586793
122.856432,17,47296.537812
109.299696,17,47312.669538
72.022876,20,47329.209752
-189.548602,29,47347.545882
216.083224,10,47358.86772
112.018139,16,47372.17468
-33.681641,69,47419.181266
-577.518045,33,47443.27744
14.750247,18,47458.856237
113.508429,16,47474.677554
109.944689,17,47489.008261
74.405831,18,47519.117997
69.685128,18,47534.48951
-695.776426,62,47565.98842
-193.065056,26,47587.028291
-618.677621,35,47612.523872
-770.65002,40,47652.016716
227.068193,9,47676.55337
-737.945987,36,47700.383595
-734.889393,35,47740.660503
-1726.18256,116,47790.166426
108.579814,18,47819.046409
-189.345683,28,47839.998149
221.088784,15,47852.933726
-449.295919,33,47873.775082
-419.995734,30,47911.233826
-87.159683,86,47946.466723
107.601073,15,47961.598922
75.948428,17,47978.020278
-87.662754,22,48010.268429
-180.006559,26,48031.252859
-144.057155,26,48052.39489
-540.819229,37,48078.849703
-109.332685,26,48099.420081
-1205.735583,44,48130.831826
189.027841,18,48144.613042
-37.970451,20,48164.639118
296.353524,2,48173.501802
112.242216,15,48190.968923
-1.838217,23,48209.319692
-770.830253,37,48236.175486
-1006.616621,46,48266.371676
-127.690851,29,48286.409636
100.568548,44,48307.005366
-589.500063,37,48333.075716
-238.702002,22,48353.380384
121.32462,19,48369.179864
137.52814,16,48398.280018
-459.564613,34,48423.720025
113.459615,13,48439.833935
-618.639885,38,48465.120948
-715.233446,38,48508.124968
244.030046,7,48519.969212
-628.489548,35,48545.63006
-171.837555,28,48568.019622
-159.182497,24,48587.406618
88.894181,24,48607.57417
-176.956366,33,48630.909926
-918.050036,47,48662.227644
216.384983,11,48674.202773
-195.102614,30,48709.118836
-438.285164,33,48747.257895
30.24554,17,48763.387716
-296.807213,113,48813.881257
-133.869722,26,48835.704684
254.445263,6,48846.055768
-745.9891,40,48875.338953
78.066457,23,48893.052213
142.150799,14,48907.855763
-408.148109,32,48932.358462
-707.061072,36,48962.005729
152.012425,24,48979.72688
49.389377,17,49009.372
119.209788,16,49025.730402
15.419581,16,49043.893887
54.405628,23,49060.492521
-395.737057,30,49097.811841
-1154.671981,46,49127.935664
-186.194168,27,49149.331349
-503.195031,36,49175.110153
100.858339,17,49191.194968
106.900817,17,49207.139813
-370.53498,31,49228.795553
-372.362817,30,49251.928043
82.708208,18,49267.752798
79.177922,20,49284.233578
-497.021256,33,49308.505805
-915.070707,41,49338.133974
-833.728666,44,49380.205061
239.885345,11,49391.518497
-476.188818,33,49415.240953
-909.351247,40,49445.023141
213.818524,14,49471.495971
142.043893,17,49488.839252
-1052.683592,46,49519.542065
-653.308378,32,49543.862284
226.14254,12,49557.327121
89.824144,17,49572.60319
50.34884,20,49588.54033
24.879274,19,49606.027843
124.166592,14,49621.063348
-531.575579,37,49646.074658
-80.429848,27,49666.742411
244.103047,9,49691.059466
120.277618,31,49711.265251
6.372577,28,49727.990144
60.322631,28,49747.217422
-102.172464,31,49768.786978
231.487394,12,49780.06548
-410.617547,32,49804.119217
60.52759,17,49820.27645
53.799702,19,49835.193825
240.829975,9,49846.019467
98.88761,19,49875.638422
82.659382,17,49891.397676
-672.069745,33,49917.571902
-435.397276,32,49941.424441
300,1,49961.451759
-483.483346,37,50001.314066
-195.972727,28,50023.037775
58.910119,16,50039.111284
-983.003365,46,50067.91351
-664.02467,43,50094.175094
-882.783008,41,50122.203199
-461.96486,31,50147.412662
300,1,50154.11808
-93.644345,23,50186.310702
123.198905,44,50221.535027
87.710076,19,50237.488493
-851.36294,41,50265.827121
-60.287132,30,50285.230792
110.553773,17,50300.327515
134.199907,16,50310.963071
300,1,50319.506707
146.687848,31,50338.669441
253.658274,8,50363.014882
29.07526,21,50378.456873
-577.054935,38,50402.68283
-159.042558,27,50423.270375
102.522524,18,50440.402193
76.968224,17,50457.683026
-810.852448,39,50488.429453
211.630829,11,50501.779539
-473.424989,33,50528.106966
75.577938,20,50546.136557
57.796006,19,50561.184486
-733.644857,43,50590.341775
-268.437342,29,50626.52949
168.300678,12,50640.124045
232.475474,12,50651.648157
-394.775148,34,50676.440784
-96.028319,31,50698.309452
-921.5496,46,50729.636532
59.628717,24,50747.634017
101.663181,30,50766.969645
-471.579953,35,50792.990351
-424.953915,32,50816.236036
-836.537989,38,50844.366749
231.119949,8,50855.56703
-406.508992,33,50894.857326
82.368992,38,50915.899698
-272.454565,27,50938.464433
76.148296,34,50959.91015
-398.951605,34,50999.014738
-622.535203,37,51022.403702
-49.599801,21,51041.9787
-307.84636,29,51065.4349
-153.311598,25,51083.700481
-653.263467,61,51115.796156
254.100556,8,51125.923303
73.214123,16,51141.400303
-103.046497,44,51163.850172
-325.638319,27,51188.702987
-202.575783,28,51208.747714
-436.34451,34,51232.684007
-66.709251,55,51273.866467
-194.608689,22,51295.497643
-615.709009,119,51344.952495
239.731952,8,51369.66084
-1404.619019,243,51483.004887
207.310296,13,51495.604405
-674.200139,141,51553.710834
-401.177191,32,51579.209806
278.990194,4,51590.58176
193.207238,17,51605.142197
-576.724178,36,51630.995291
254.231807,6,51641.699304
-938.877959,43,51669.495997
240.617424,8,51695.437706
-353.954376,30,51717.419287
-424.15838,33,51739.606318
-457.670539,30,51763.712378
247.458444,8,51787.932284
-149.033174,25,51808.879479
-244.304372,98,51852.455698
-131.992265,24,51872.070005
-612.557112,37,51913.438892
-464.674727,32,51937.687207
-506.080301,59,51970.243832
-66.90993,19,51990.035889
52.687242,17,52000.860875
253.835907,9,52012.045718
103.062297,17,52026.252465
-181.381976,27,52046.432702
30.101215,22,52063.924813
-743.800547,37,52091.215532
-3.434893,21,52107.682105
256.801439,8,52119.279436
147.215691,14,52135.15163
-325.728535,29,52159.184965
-517.694771,37,52183.715882
-530.717006,34,52208.893346
-193.530959,23,52227.493526
300,1,52234.577897
-68.407399,45,52273.980691
-222.430851,25,52293.309098
-931.362334,47,52323.321315
98.563471,16,52337.951586
-646.140005,39,52375.131076
223.709441,10,52388.256935
-148.931978,30,52409.333112
66.566248,19,52425.30248
-514.55777,40,52452.84561
189.69591,10,52467.898787
-430.358036,33,52494.867512
-938.803529,41,52523.891399
245.42309,9,52535.41951
-662.381673,35,52562.153161
18.015483,20,52578.726882
220.097942,12,52604.978466
-673.787147,37,52630.943705
34.583312,17,52648.237359
-664.513766,36,52677.309107
-186.722457,24,52698.080969
-548.264115,54,52729.731917
-363.805806,29,52753.272589
-537.733436,37,52779.794609
248.487113,8,52791.073673
-110.816917,24,52811.132111
157.173512,14,52826.054794
260.026475,8,52837.665666
88.665597,15,52854.260066
63.759607,18,52883.488293
-127.522918,26,52904.337831
-762.373815,36,52931.579614
-171.234103,76,52968.61725
-333.840915,30,52990.330864
70.241421,17,53007.309499
88.981059,14,53024.486682
-170.805531,26,53045.644342
-957.43645,41,53075.039575
296.97063,2,53083.781114
-539.118102,36,53111.441248
-178.829016,25,53132.507094
-761.028847,39,53161.174877
300,1,53168.355984
-207.803763,29,53203.847208
296.786555,2,53212.005685
-128.978674,24,53232.525802
-205.104268,27,53267.020588
-209.059317,27,53300.959824
-190.228229,29,53321.198197
172.643542,12,53335.086523
85.13116,21,53350.259999
-868.003198,44,53378.622322
-700.551479,37,53420.290253
136.455639,15,53434.783906
300,1,53440.25808
-695.03531,39,53482.358827
91.725831,19,53511.538087
216.482431,9,53537.455827
-53.386607,22,53555.917019
-1135.663605,45,53579.507858
52.437391,18,53595.540862
178.139938,11,53609.431088
222.269283,10,53635.555822
271.983401,6,53658.46226
-38.188632,20,53690.618592
207.417951,11,53703.187189
-572.016914,38,53727.817121
-881.15298,37,53755.946639
257.449741,7,53766.664025
-103.917839,24,53787.111377
241.857318,9,53799.923575
84.491253,19,53814.560152
73.931593,18,53830.284371
-757.701696,39,53859.227331
227.498468,9,53871.098497
-993.048178,45,53901.474894
98.182002,18,53918.003253
233.713545,10,53930.000001
-952.898532,46,53958.943771
-47.491937,33,53980.72484
90.519196,16,53994.706358
-175.305369,35,54030.791135
-447.499392,32,54053.897688
-1183.967665,41,54081.602944
-549.447488,31,54105.493429
95.801959,38,54129.726508
-187.80236,27,54150.433379
217.360407,11,54162.174768
5.260853,19,54194.649905
-370.565483,29,54214.864154
-317.007141,29,54251.820148
-842.390592,45,54280.409168
129.70408,15,54307.837045
-872.531269,49,54337.854662
223.542672,11,54350.183226
-266.747955,24,54371.123299
66.376776,17,54387.99757
-166.532951,25,54410.183542
226.476494,9,54421.782687
-235.516228,27,54443.770071
66.922428,18,54473.348078
34.323219,27,54492.992691
300,1,54499.69744
232.916892,11,54524.258806
243.358357,7,54534.843112
97.271637,18,54550.207636
63.738809,20,54565.709713
-437.791419,33,54591.946018
97.027198,15,54608.583265
163.479362,22,54624.52542
16.969072,62,54658.524591
-677.054593,37,54687.024341
-484.103744,34,54711.533193
35.00218,21,54729.158027
-772.932857,43,54757.950351
-242.564921,26,54779.448436
300,1,54785.040239
-338.893681,29,54822.647616
-541.4653,36,54849.176975
-502.824004,37,54875.400688
-670.310661,33,54900.177537
-579.04054,35,54926.685139
230.562355,8,54938.898781
-198.085196,25,54959.408772
-174.70305,35,54997.212389
-95.068973,25,55018.151555
250.010911,8,55029.493947
138.917479,15,55043.924833
-191.108512,33,55065.356978
-301.440593,29,55088.396906
-438.820406,31,55113.282763
233.084006,8,55124.541656
136.795048,14,55138.104684
-443.479896,35,55176.885674
60.967543,23,55193.95519
198.081571,11,55206.078306
67.260612,19,55222.615286
-1111.258262,40,55252.028844
143.878529,15,55268.592391
-327.654342,27,55288.932543
80.900039,20,55304.744761
12.695426,19,55322.369318
-403.020856,32,55348.086044
-587.353031,49,55375.782997
-612.655555,33,55395.670613
-943.794463,44,55423.673942
-796.060284,38,55453.488543
-347.854944,28,55479.722279
-86.036441,22,55500.094273
145.827447,13,55515.964837
-111.594546,23,55535.808859
-397.287354,82,55580.81681
-945.734947,47,55610.965341
-280.855606,39,55635.120826
66.989075,23,55666.432937
-354.108575,33,55690.041403
-575.913048,37,55712.613444
260.498437,7,55722.143272
-287.061027,39,55745.283318
-193.403816,26,55765.609647
102.389683,18,55781.305338
-688.2528,32,55807.201189
-514.210766,35,55847.736127
-262.400585,29,55883.196874
18.212476,24,55901.947768
241.077915,9,55912.628144
-30.869746,21,55929.743397
87.221361,17,55945.70914
-714.988044,41,55975.037652
-224.28332,27,55996.016866
-13.066544,41,56020.146802
236.252903,8,56031.309936
-510.987732,34,56056.219701
-202.762283,27,56077.748133
-45.911094,21,56098.348492
89.202294,16,56115.022158
-704.436428,43,56135.92584
224.049013,9,56147.279383
-191.969977,36,56169.292689
-99.202079,35,56191.161887
-488.329465,29,56215.541604
-158.437822,35,56237.627083
104.108923,16,56253.631683
236.28761,8,56264.969049
-920.841561,41,56292.037904
-78.157325,24,56310.921054
-84.16393,21,56329.382652
57.563271,27,56348.360995
169.706918,12,56376.361458
179.82508,14,56390.26269
205.678627,11,56403.067957
101.366988,17,56419.698335
300,1,56427.089571
300,1,56447.815799
82.209723,25,56467.091228
-261.162437,32,56489.801302
-382.85202,32,56527.547233
300,1,56535.391672
-151.089531,25,56570.126695
261.307113,7,56582.249945
261.770023,7,56592.991821
30.105971,25,56627.065691
-292.714329,37,56652.318871
35.672544,23,56683.749294
-308.279537,26,56706.262282
254.57601,7,56716.488955
-138.239416,26,56749.039593
-219.569454,34,56771.618881
160.857324,14,56788.011156
-201.230509,26,56809.79304
-284.41999,31,56846.903402
75.703702,19,56862.699696
191.633488,11,56875.584379
101.611846,24,56895.330102
113.77829,22,56912.271749
253.965937,8,56923.116121
84.521575,18,56938.816332
-347.892248,30,56962.649865
151.52016,12,56977.386134
-423.609831,32,57001.458797
76.592293,17,57018.062543
-176.157589,25,57038.817699
52.036368,24,57057.273556
159.504091,23,57073.531909
65.967596,17,57089.555449
122.126359,13,57104.87012
-844.380902,41,57131.971919
-126.97342,25,57152.219008
93.060765,16,57170.347804
246.722205,7,57181.63837
-199.599087,27,57201.14787
-83.293285,23,57220.557773
-458.455085,32,57246.928678
-381.369859,30,57271.873065
-875.593923,43,57303.22137
-823.445828,40,57332.025411
217.371483,14,57344.675682
82.34429,17,57360.394012
-413.586979,36,57388.413348
-192.937809,25,57409.463462
300,1,57417.855556
-214.063464,31,57439.260506
102.676645,17,57468.269415
-36.769153,22,57499.598215
-99.863761,23,57533.105345
-28.350681,22,57553.359428
-788.062085,41,57580.12403
-489.944591,32,57618.88396
41.523599,18,57635.157826
-430.463581,30,57657.299805
200.605149,12,57669.47025
-657.517232,36,57697.524951
300,1,57704.923473
-173.379295,26,57725.836306
-840.204447,42,57754.570442
-828.845735,42,57784.740497
-889.029348,44,57813.048631
-622.6407,38,57838.446862
-258.105706,39,57862.668722
47.042186,20,57878.120951
10.429395,19,57894.071205
130.043532,15,57907.824669
-610.565624,42,57935.526838
-517.787291,35,57958.770787
-776.959263,38,57989.033701
-585.230205,33,58013.402636
103.029782,16,58042.75833
234.749867,13,58070.029631
-835.781685,37,58098.308708
-340.020946,29,58121.001316
247.660987,10,58133.669719
-857.186415,36,58159.75155
124.787601,20,58176.766637
-179.21083,34,58200.076313
244.988326,9,58210.699273
213.786833,9,58221.075624
-838.523787,42,58249.926977
49.995647,19,58264.053847
-109.690423,26,58284.344493
300,1,58292.084384
-1316.265367,45,58337.443041
158.910088,13,58354.53992
-145.140704,26,58376.96497
86.324744,19,58393.305714
-100.245491,23,58413.805629
-536.126756,35,58441.023447
208.425492,12,58454.847371
-797.609649,44,58482.349381
-220.769986,31,58500.589335
3.033611,20,58517.523204
-218.066442,26,58551.762295
-1032.27893,49,58583.512905
242.906421,8,58609.89867
-824.563304,40,58639.631344
-160.32019,26,58660.115192
-167.120993,44,58687.097201
-684.5051,33,58713.804159
-308.519623,30,58739.747195
-443.978147,30,58764.482554
-214.822074,27,58784.913822
-42.911776,21,58802.341371
-435.859759,32,58825.948252
-353.324544,27,58849.200392
-392.269767,33,58875.17261
-798.551212,38,58903.561711
164.223108,23,58921.670001
-241.148268,28,58943.488214
-546.375583,34,58968.027674
-140.662358,27,59002.361629
